[
    {
        "id": "0",
        "name": "The Designers",
        "topic": "Web/graphic design",
        "members": "4K",
        "pic": "assets/images/demo/unsplash/groups/1.jpg",
        "country": "assets/images/icons/flags/finland.svg"
    },
    {
        "id": "1",
        "name": "Family",
        "topic": "Davis family",
        "members": "39",
        "pic": "assets/images/demo/unsplash/groups/2.jpg",
        "country": "assets/images/icons/flags/united-states-of-america.svg"
    },
    {
        "id": "2",
        "name": "The Dudes",
        "topic": "The band",
        "members": "14",
        "pic": "assets/images/demo/unsplash/groups/3.jpg",
        "country": "assets/images/icons/flags/united-states-of-america.svg"
    },
    {
        "id": "3",
        "name": "Crazy Bakers",
        "topic": "It's all about making cakes",
        "members": "8K",
        "pic": "assets/images/demo/unsplash/groups/4.jpg",
        "country": "assets/images/icons/flags/argentina.svg"
    },
    {
        "id": "4",
        "name": "Drone pilots",
        "topic": "Flying drones",
        "members": "28K",
        "pic": "assets/images/demo/unsplash/groups/5.jpg",
        "country": "assets/images/icons/flags/france.svg"
    },
    {
        "id": "5",
        "name": "Street Fighter V",
        "topic": "eGaming",
        "members": "150K",
        "pic": "assets/images/demo/unsplash/groups/6.jpg",
        "country": "assets/images/icons/flags/france.svg"
    },
    {
        "id": "6",
        "name": "Monster trucks",
        "topic": "Vehicles",
        "members": "328",
        "pic": "assets/images/demo/unsplash/groups/7.jpg",
        "country": "assets/images/icons/flags/canada.svg"
    },
    {
        "id": "7",
        "name": "Otaku Zone",
        "topic": "Japanese culture",
        "members": "98K",
        "pic": "assets/images/demo/unsplash/groups/8.jpg",
        "country": "assets/images/icons/flags/japan.svg"
    },
    {
        "id": "8",
        "name": "Streetwear",
        "topic": "Urban clothing",
        "members": "519",
        "pic": "assets/images/demo/unsplash/groups/9.jpg",
        "country": "assets/images/icons/flags/united-kingdom.svg"
    },
    {
        "id": "9",
        "name": "Jungle music",
        "topic": "Music",
        "members": "12K",
        "pic": "assets/images/demo/unsplash/groups/10.jpg",
        "country": "assets/images/icons/flags/united-kingdom.svg"
    },
    {
        "id": "10",
        "name": "Motivate",
        "topic": "Sports videos",
        "members": "50K",
        "pic": "assets/images/demo/unsplash/groups/11.jpg",
        "country": "assets/images/icons/flags/spain.svg"
    }
]