[
    {
        "name": "Fast Pizza",
        "activity": "Pizza & Fast Food",
        "followers": "150K",
        "page_id": "0",
        "profile_picture": "assets/images/icons/logos/fastpizza.svg",
        "cover_image": "assets/images/demo/unsplash/popovers/pages/fastpizza.jpg"
    },
    {
        "name": "Lonely Droid",
        "activity": "Technology",
        "followers": "75K",
        "page_id": "1",
        "profile_picture": "assets/images/icons/logos/lonelydroid.svg",
        "cover_image": "assets/images/demo/unsplash/popovers/pages/lonelydroid.jpg"
    },
    {
        "name": "Meta movies",
        "activity": "Movies / Entertainment",
        "followers": "29K",
        "page_id": "2",
        "profile_picture": "assets/images/icons/logos/metamovies.svg",
        "cover_image": "assets/images/demo/unsplash/popovers/pages/imdb.jpg"
    },
    {
        "name": "Nuclearjs",
        "activity": "Technology",
        "followers": "3K",
        "page_id": "3",
        "profile_picture": "assets/images/icons/logos/nuclearjs.svg",
        "cover_image": "assets/images/demo/unsplash/popovers/pages/nuclearjs.jpg"
    },
    {
        "name": "Slicer",
        "activity": "Web / Design",
        "followers": "130K",
        "page_id": "4",
        "profile_picture": "assets/images/icons/logos/slicer.svg",
        "cover_image": "assets/images/demo/unsplash/popovers/pages/slicer.jpg"
    },
    {
        "name": "Css Ninja",
        "activity": "Web / Design",
        "followers": "530",
        "page_id": "5",
        "profile_picture": "assets/images/avatars/hanzo.svg",
        "cover_image": "assets/images/demo/unsplash/popovers/pages/cssninja.png"
    },
    {
        "name": "Brent University",
        "activity": "Education",
        "followers": "230K",
        "page_id": "6",
        "profile_picture": "assets/images/icons/logos/brent.svg",
        "cover_image": "assets/images/demo/unsplash/popovers/pages/brent.jpg"
    },
    {
        "name": "Los Angeles, CA",
        "activity": "Cities & Travel",
        "followers": "15M",
        "page_id": "8",
        "profile_picture": "assets/images/icons/logos/la.svg",
        "cover_image": "assets/images/demo/unsplash/popovers/pages/la.jpg"
    },
    {
        "name": "Lipflow",
        "activity": "Fashion",
        "followers": "800K",
        "page_id": "9",
        "profile_picture": "assets/images/icons/logos/lipflow.svg",
        "cover_image": "assets/images/demo/unsplash/popovers/pages/lipflow.jpg"
    },
    {
        "name": "Drop Cosmetics",
        "activity": "Fashion",
        "followers": "800K",
        "page_id": "10",
        "profile_picture": "assets/images/icons/logos/drop.svg",
        "cover_image": "assets/images/demo/unsplash/popovers/pages/drop.jpg"
    },
    {
        "name": "Quick Fashion",
        "activity": "Fashion",
        "followers": "220K",
        "page_id": "11",
        "profile_picture": "assets/images/icons/logos/quick-fashion.svg",
        "cover_image": "assets/images/demo/unsplash/popovers/pages/quick-fashion.jpg"
    },
    {
        "name": "Go Pizza",
        "activity": "Pizza & Fast Food",
        "followers": "135K",
        "page_id": "13",
        "profile_picture": "assets/images/icons/logos/gopizza.svg",
        "cover_image": "assets/images/demo/unsplash/popovers/pages/gopizza.jpg"
    },
    {
        "name": "O' Reilly's",
        "activity": "Burgers & Fast Food",
        "followers": "320K",
        "page_id": "14",
        "profile_picture": "assets/images/icons/logos/oreilly.svg",
        "cover_image": "assets/images/demo/unsplash/popovers/pages/oreilly.jpg"
    },
    {
        "name": "Epic Burger",
        "activity": "Burgers & Fast Food",
        "followers": "45K",
        "page_id": "15",
        "profile_picture": "assets/images/icons/logos/epicburger.svg",
        "cover_image": "assets/images/demo/unsplash/popovers/pages/epicburger.jpg"
    },
    {
        "name": "Downtown Subs",
        "activity": "Fast Food",
        "followers": "30K",
        "page_id": "16",
        "profile_picture": "assets/images/icons/logos/subs.svg",
        "cover_image": "assets/images/demo/unsplash/popovers/pages/subs.jpg"
    }
]