[
    {
        "first_name": "Jenna",
        "last_name": "Davis",
        "title": "Blogger",
        "location": "Melbourne",
        "user_id": "0",
        "common_friends": "21",
        "first_friend": "Alan Maynard",
        "second_friend": "Margaret Bowles",
        "profile_picture": "assets/images/avatars/jenna.png",
        "cover_image": "assets/images/demo/unsplash/popovers/1.jpg"
    },
    {
        "first_name": "Dan",
        "last_name": "Walker",
        "title": "Developer",
        "location": "New york",
        "user_id": "1",
        "common_friends": "4",
        "first_friend": "Nathan Jones",
        "second_friend": "Margaret Bowles",
        "profile_picture": "assets/images/avatars/dan.jpg",
        "cover_image": "assets/images/demo/unsplash/popovers/2.jpg"
    },
    {
        "first_name": "Stella",
        "last_name": "Bergmann",
        "title": "Student",
        "location": "Berlin",
        "user_id": "2",
        "common_friends": "48",
        "first_friend": "Adam Wathan",
        "second_friend": null,
        "profile_picture": "assets/images/avatars/stella.jpg",
        "cover_image": "assets/images/demo/unsplash/popovers/3.jpg"
    },
    {
        "first_name": "Daniel",
        "last_name": "Wellington",
        "title": "",
        "location": "London",
        "user_id": "3",
        "common_friends": "5",
        "first_friend": "Nathan jones",
        "second_friend": "Anna Mitchells",
        "profile_picture": "assets/images/avatars/daniel.jpg",
        "cover_image": "assets/images/demo/unsplash/popovers/4.jpg"
    },
    {
        "first_name": "David",
        "last_name": "Kim",
        "title": "",
        "location": "Chicago",
        "user_id": "4",
        "common_friends": "0",
        "first_friend": null,
        "second_friend": null,
        "profile_picture": "assets/images/avatars/david.jpg",
        "cover_image": "assets/images/demo/unsplash/popovers/5.jpg"
    },
    {
        "first_name": "Edward",
        "last_name": "Mayers",
        "title": "",
        "location": "Dublin",
        "user_id": "5",
        "common_friends": "35",
        "first_friend": null,
        "second_friend": null,
        "profile_picture": "assets/images/avatars/edward.jpeg",
        "cover_image": "assets/images/demo/unsplash/popovers/6.jpg"
    },
    {
        "first_name": "Elise",
        "last_name": "Walker",
        "title": "",
        "location": "London",
        "user_id": "6",
        "common_friends": "1",
        "first_friend": "Dan Walker",
        "second_friend": null,
        "profile_picture": "assets/images/avatars/elise.jpg",
        "cover_image": "assets/images/demo/unsplash/popovers/7.jpg"
    },
    {
        "first_name": "Milly",
        "last_name": "Augustine",
        "title": "",
        "location": "Rome",
        "user_id": "7",
        "common_friends": "3",
        "first_friend": null,
        "second_friend": null,
        "profile_picture": "assets/images/avatars/milly.jpg",
        "cover_image": "assets/images/demo/unsplash/popovers/8.jpg"
    },
    {
        "first_name": "Bobby",
        "last_name": "Brown",
        "title": "",
        "location": "Paris",
        "user_id": "8",
        "common_friends": "11",
        "first_friend": null,
        "second_friend": null,
        "profile_picture": "assets/images/avatars/bobby.jpg",
        "cover_image": "assets/images/demo/unsplash/popovers/9.jpg"
    },
    {
        "first_name": "Nelly",
        "last_name": "Schwartz",
        "title": "",
        "location": "Melbourne",
        "user_id": "9",
        "common_friends": "11",
        "first_friend": null,
        "second_friend": null,
        "profile_picture": "assets/images/avatars/nelly.png",
        "cover_image": "assets/images/demo/unsplash/popovers/10.jpg"
    },
    {
        "first_name": "Lana",
        "last_name": "Henrikssen",
        "title": "",
        "location": "Helsinki",
        "user_id": "10",
        "common_friends": "11",
        "first_friend": null,
        "second_friend": null,
        "profile_picture": "assets/images/avatars/lana.jpeg",
        "cover_image": "assets/images/demo/unsplash/popovers/11.jpg"
    },
    {
        "first_name": "Gaelle",
        "last_name": "Morris",
        "title": "",
        "location": "Lyon",
        "user_id": "11",
        "common_friends": "11",
        "first_friend": null,
        "second_friend": null,
        "profile_picture": "assets/images/avatars/gaelle.jpeg",
        "cover_image": "assets/images/demo/unsplash/popovers/12.jpg"
    },
    {
        "first_name": "Mike",
        "last_name": "Lasalle",
        "title": "",
        "location": "Toronto",
        "user_id": "12",
        "common_friends": "11",
        "first_friend": null,
        "second_friend": null,
        "profile_picture": "assets/images/avatars/mike.jpg",
        "cover_image": "assets/images/demo/unsplash/popovers/13.jpg"
    },
    {
        "first_name": "Rolf",
        "last_name": "Krupp",
        "title": "",
        "location": "Berlin",
        "user_id": "13",
        "common_friends": "11",
        "first_friend": null,
        "second_friend": null,
        "profile_picture": "assets/images/avatars/rolf.jpg",
        "cover_image": "assets/images/demo/unsplash/popovers/14.jpg"
    },
    {
        "first_name": "Ken",
        "last_name": "Rogers",
        "title": "",
        "location": "Chicago",
        "user_id": "14",
        "common_friends": "9",
        "first_friend": null,
        "second_friend": null,
        "profile_picture": "assets/images/avatars/ken.jpg",
        "cover_image": "assets/images/demo/unsplash/popovers/7.jpg"
    },
    {
        "first_name": "Leana",
        "last_name": "Marks",
        "title": "",
        "location": "Nashville",
        "user_id": "15",
        "common_friends": "0",
        "first_friend": null,
        "second_friend": null,
        "profile_picture": "assets/images/avatars/leana.jpg",
        "cover_image": "assets/images/demo/unsplash/popovers/3.jpg"
    },
    {
        "first_name": "Aline",
        "last_name": "Cambell",
        "title": "",
        "location": "Seattle",
        "user_id": "16",
        "common_friends": "0",
        "first_friend": null,
        "second_friend": null,
        "profile_picture": "assets/images/avatars/aline.jpg",
        "cover_image": "assets/images/demo/unsplash/popovers/7.jpg"
    },
    {
        "first_name": "Mike",
        "last_name": "Donovan",
        "title": "",
        "location": "San Francisco",
        "user_id": "17",
        "common_friends": "0",
        "first_friend": null,
        "second_friend": null,
        "profile_picture": "assets/images/avatars/michael.jpg",
        "cover_image": "assets/images/demo/unsplash/popovers/4.jpg"
    },
    {
        "first_name": "George A.",
        "last_name": "Romero",
        "title": "",
        "location": "Los Angeles",
        "user_id": "18",
        "common_friends": "0",
        "first_friend": null,
        "second_friend": null,
        "profile_picture": "assets/images/avatars/george.jpg",
        "cover_image": "assets/images/demo/unsplash/popovers/9.jpg"
    },
    {
        "first_name": "Brian",
        "last_name": "Stevenson",
        "title": "",
        "location": "San Diego",
        "user_id": "19",
        "common_friends": "0",
        "first_friend": null,
        "second_friend": null,
        "profile_picture": "assets/images/avatars/brian.jpg",
        "cover_image": "assets/images/demo/unsplash/popovers/3.jpg"
    },
    {
        "first_name": "Azzouz",
        "last_name": "El Paytoun",
        "title": "",
        "location": "Montreal",
        "user_id": "20",
        "common_friends": "0",
        "first_friend": null,
        "second_friend": null,
        "profile_picture": "assets/images/avatars/azzouz.jpg",
        "cover_image": "assets/images/demo/unsplash/popovers/7.jpg"
    },
    {
        "first_name": "Cathy",
        "last_name": "Smith",
        "title": "",
        "location": "Seattle",
        "user_id": "21",
        "common_friends": "0",
        "first_friend": null,
        "second_friend": null,
        "profile_picture": "assets/images/avatars/cathy.png",
        "cover_image": "assets/images/demo/unsplash/popovers/4.jpg"
    },
    {
        "first_name": "Bob",
        "last_name": "Barker",
        "title": "",
        "location": "Tijuana",
        "user_id": "22",
        "common_friends": "0",
        "first_friend": null,
        "second_friend": null,
        "profile_picture": "assets/images/avatars/bob.png",
        "cover_image": "assets/images/demo/unsplash/popovers/8.jpg"
    },
    {
        "first_name": "Greg",
        "last_name": "Patel",
        "title": "",
        "location": "Bogota",
        "user_id": "23",
        "common_friends": "0",
        "first_friend": null,
        "second_friend": null,
        "profile_picture": "assets/images/avatars/greg.png",
        "cover_image": "assets/images/demo/unsplash/popovers/7.jpg"
    },
    {
        "first_name": "Hisashi",
        "last_name": "Yokida",
        "title": "",
        "location": "Tokyo",
        "user_id": "24",
        "common_friends": "0",
        "first_friend": null,
        "second_friend": null,
        "profile_picture": "assets/images/avatars/hisashi.jpg",
        "cover_image": "assets/images/demo/unsplash/popovers/9.jpg"
    }
]